"p_val","avg_log2FC","pct.1","pct.2","p_val_adj","cluster","gene","gene_name","celltype"
6.66213116197987e-22,0.914333927346364,0.152,0.017,1.3843242341478e-17,2,"ENSMUSG00000061928","Dsg1b","TC I"
2.17814332329921e-28,0.919995826000299,0.798,0.714,4.52596401148342e-24,2,"ENSMUSG00000030774","Pak1","TC I"
2.00379513160288e-19,0.926179205939421,0.554,0.304,4.16368590395762e-15,2,"ENSMUSG00000090386","Mir99ahg","TC I"
5.26452687154951e-25,0.926549855828729,0.827,0.703,1.09391603863927e-20,2,"ENSMUSG00000071757","Zhx2","TC I"
4.76653515985958e-32,0.933124186894762,0.656,0.428,9.90438340867222e-28,2,"ENSMUSG00000020111","Micu1","TC I"
3.23426016735005e-16,0.938015246130444,0.344,0.168,6.72046920173668e-12,2,"ENSMUSG00000032656","March3","TC I"
4.31905723098547e-50,0.947595592210675,0.276,0.018,8.9745690202647e-46,2,"ENSMUSG00000027239","Mdk","TC I"
2.46059280958396e-21,0.951403548583288,0.36,0.139,5.1128657990345e-17,2,"ENSMUSG00000057378","Ryr3","TC I"
6.71847159786209e-24,0.962309605918162,0.467,0.225,1.39603121331976e-19,2,"ENSMUSG00000028613","Lrp8","TC I"
3.20700431542934e-26,0.967737760085566,0.178,0.018,6.66383426703062e-22,2,"ENSMUSG00000063727","Tnfrsf11b","TC I"
1.30937597956345e-28,0.968785303045869,0.381,0.114,2.72075234793488e-24,2,"ENSMUSG00000020334","Slc22a4","TC I"
4.45975279751039e-44,0.973431231701575,0.205,0.004,9.26692033794685e-40,2,"ENSMUSG00000041565","L3mbtl4","TC I"
5.62737869967127e-25,0.975417427469655,0.433,0.22,1.16931302000469e-20,2,"ENSMUSG00000029291","Rufy3","TC I"
3.5821905792977e-41,0.977336803301165,0.63,0.323,7.4434338047227e-37,2,"ENSMUSG00000023367","Tmem176a","TC I"
9.00741336424414e-23,0.977713963824695,0.493,0.256,1.87165042295629e-18,2,"ENSMUSG00000026070","Il18r1","TC I"
1.77255762466539e-29,0.987929057489688,0.577,0.311,3.6831974882922e-25,2,"ENSMUSG00000033444","Specc1l","TC I"
3.09418742395681e-24,0.991168482827841,0.312,0.091,6.42941204823986e-20,2,"ENSMUSG00000049001","Ndnf","TC I"
1.16122670243637e-39,1.00290396776787,0.58,0.311,2.41291296499253e-35,2,"ENSMUSG00000029810","Tmem176b","TC I"
2.60549677686737e-40,1.04357470404099,0.693,0.364,5.41396175265271e-36,2,"ENSMUSG00000032624","Eml4","TC I"
5.04040168053935e-28,1.04428154602859,0.493,0.224,1.04734506519927e-23,2,"ENSMUSG00000052949","Rnf157","TC I"
7.74696698391793e-38,1.05041710975469,0.457,0.144,1.60974226958831e-33,2,"ENSMUSG00000059336","Slc14a1","TC I"
1.71915996865065e-41,1.05456193966464,0.331,0.053,3.57224249885919e-37,2,"ENSMUSG00000015340","Cybb","TC I"
7.79157636397329e-39,1.05894231285867,0.554,0.246,1.61901165267001e-34,2,"ENSMUSG00000009647","Mcu","TC I"
4.67454093747089e-27,1.06717106075746,0.344,0.139,9.71322861397077e-23,2,"ENSMUSG00000040570","Rundc3b","TC I"
2.43640335501797e-36,1.06836796107749,0.669,0.358,5.06260253139183e-32,2,"ENSMUSG00000032202","Rab27a","TC I"
8.84652012138607e-24,1.0724600131198,0.588,0.318,1.83821841602281e-19,2,"ENSMUSG00000044162","Tnip3","TC I"
1.19717217235193e-27,1.07510662374733,0.507,0.389,2.48760405693007e-23,2,"ENSMUSG00000034855","Cxcl10","TC I"
1.39302501755739e-38,1.07731258594939,0.761,0.562,2.8945666839825e-34,2,"ENSMUSG00000026786","Apbb1ip","TC I"
5.23128736113571e-24,1.08230485753027,0.27,0.07,1.08700920077039e-19,2,"ENSMUSG00000048915","Efna5","TC I"
6.75889298079886e-31,1.08518954485467,0.559,0.315,1.4044303724802e-26,2,"ENSMUSG00000025025","Mxi1","TC I"
6.8815779550509e-60,1.09538419555883,0.898,0.759,1.42992308328003e-55,2,"ENSMUSG00000024515","Smad4","TC I"
1.15524100318371e-13,1.0970933257076,0.31,0.155,2.40047528051543e-09,2,"ENSMUSG00000026073","Il1r2","TC I"
5.91349212614956e-28,1.099649676733,0.194,0.025,1.22876452889262e-23,2,"ENSMUSG00000028033","Kcnq5","TC I"
2.19420356092044e-38,1.10580265281813,0.577,0.251,4.55933557923658e-34,2,"ENSMUSG00000028413","B4galt1","TC I"
1.22088831927632e-45,1.11083091631953,0.772,0.404,2.53688383862427e-41,2,"ENSMUSG00000052889","Prkcb","TC I"
5.21945273479482e-36,1.11213934673449,0.682,0.455,1.08455008376302e-31,2,"ENSMUSG00000013275","Slc41a1","TC I"
3.34028143831669e-16,1.11572569702076,0.349,0.155,6.94077080067825e-12,2,"ENSMUSG00000061259","Tmprss11d","TC I"
1.90203172414385e-33,1.12054905268821,0.643,0.321,3.9522317195985e-29,2,"ENSMUSG00000025885","Myo5b","TC I"
6.40719743359591e-29,1.12319301059762,0.612,0.364,1.3313515547269e-24,2,"ENSMUSG00000026872","Zeb2","TC I"
9.31889746114762e-22,1.12694312973051,0.294,0.136,1.93637370345186e-17,2,"ENSMUSG00000046709","Mapk10","TC I"
8.91759267331008e-18,1.12978879241323,0.394,0.191,1.8529865815871e-13,2,"ENSMUSG00000002565","Scin","TC I"
2.95456518107245e-23,1.13297593531945,0.43,0.175,6.13929098975045e-19,2,"ENSMUSG00000037492","Zmat4","TC I"
4.59839543927353e-39,1.15051654087819,0.283,0.033,9.55500588326648e-35,2,"ENSMUSG00000062393","Dgkk","TC I"
1.2148068035854e-33,1.1600397960454,0.352,0.086,2.5242470571701e-29,2,"ENSMUSG00000035873","Pawr","TC I"
3.4533673349516e-24,1.16793187782062,0.551,0.281,7.17575198529593e-20,2,"ENSMUSG00000028970","Abcb1b","TC I"
1.65972145288018e-59,1.17273843840277,0.892,0.603,3.44873520693972e-55,2,"ENSMUSG00000035778","Ggta1","TC I"
2.58008172927372e-63,1.17362863341468,0.858,0.544,5.36115182525786e-59,2,"ENSMUSG00000020577","Tspan13","TC I"
4.34707233484956e-62,1.17789443537345,0.974,0.933,9.0327816045839e-58,2,"ENSMUSG00000028163","Nfkb1","TC I"
1.9744521647322e-41,1.17805250171525,0.69,0.414,4.10271415309704e-37,2,"ENSMUSG00000042700","Sipa1l1","TC I"
3.00025482896901e-33,1.1801889216538,0.37,0.259,6.23422950911471e-29,2,"ENSMUSG00000045083","Lingo2","TC I"
1.90197697639636e-76,1.18882108560808,0.979,0.845,3.952117959254e-72,2,"ENSMUSG00000038518","Jarid2","TC I"
2.7513562970976e-46,1.19738572514211,0.252,0.016,5.7170432497391e-42,2,"ENSMUSG00000050783","Htr1f","TC I"
9.18345232710641e-32,1.20560682730111,0.365,0.096,1.90822955904944e-27,2,"ENSMUSG00000075254","Heg1","TC I"
7.65325852140595e-53,1.20632509920865,0.651,0.345,1.59027058816294e-48,2,"ENSMUSG00000016664","Pacsin2","TC I"
3.96379274136982e-43,1.20645652930247,0.449,0.135,8.23636493729235e-39,2,"ENSMUSG00000024778","Fas","TC I"
8.50063851048677e-44,1.21062631306783,0.467,0.122,1.76634767609405e-39,2,"ENSMUSG00000053886","Sh2d4a","TC I"
5.71984708252479e-52,1.22543604490281,0.774,0.449,1.18852702527783e-47,2,"ENSMUSG00000033502","Cdc14a","TC I"
2.1034006216692e-53,1.2271044445497,0.835,0.515,4.37065615176642e-49,2,"ENSMUSG00000096768","Gm47283","TC I"
6.42802932297842e-78,1.23313750810613,0.837,0.479,1.33568021302169e-73,2,"ENSMUSG00000023150","Ivns1abp","TC I"
1.7671233560739e-50,1.24091390950102,0.575,0.218,3.67190562158595e-46,2,"ENSMUSG00000001768","Rin2","TC I"
3.36964184218895e-39,1.25291578336016,0.383,0.119,7.00177878388441e-35,2,"ENSMUSG00000028677","Rnf220","TC I"
3.24243280925199e-20,1.2765659479645,0.331,0.12,6.73745113434471e-16,2,"ENSMUSG00000097804","Gm16685","TC I"
8.70464966772135e-23,1.28519203849681,0.42,0.244,1.80873915445582e-18,2,"ENSMUSG00000023927","Satb1","TC I"
7.82143163220513e-49,1.29219066182134,0.444,0.134,1.6252152788559e-44,2,"ENSMUSG00000027508","Pag1","TC I"
4.32812082967432e-27,1.29322234193975,0.675,0.557,8.99340227198028e-23,2,"ENSMUSG00000020715","Ern1","TC I"
1.6339182679566e-53,1.29926967281176,0.312,0.032,3.39511876898702e-49,2,"ENSMUSG00000054934","Kcnmb4","TC I"
1.34432681749651e-55,1.30135123890554,0.659,0.331,2.793376694076e-51,2,"ENSMUSG00000021065","Fut8","TC I"
1.03684259566987e-47,1.30254492641663,0.585,0.226,2.15445522954242e-43,2,"ENSMUSG00000019947","Arid5b","TC I"
1.7113238917967e-61,1.31740532677658,0.827,0.53,3.55595991476437e-57,2,"ENSMUSG00000021457","Syk","TC I"
2.27669767557401e-51,1.32203086999353,0.816,0.581,4.73075010007524e-47,2,"ENSMUSG00000026670","Uap1","TC I"
3.84155613906445e-48,1.32835959931269,0.701,0.39,7.98236950136202e-44,2,"ENSMUSG00000034738","Nostrin","TC I"
2.73918218679686e-42,1.33711232741366,0.496,0.202,5.6917466659452e-38,2,"ENSMUSG00000051747","Ttn","TC I"
4.31807603122808e-77,1.34103271986261,0.832,0.499,8.97253018528884e-73,2,"ENSMUSG00000034480","Diaph2","TC I"
2.6300609451915e-29,1.37668482129462,0.325,0.083,5.46500363801342e-25,2,"ENSMUSG00000028017","Egf","TC I"
1.00367629189991e-56,1.37685043777334,0.648,0.27,2.08553896693883e-52,2,"ENSMUSG00000021423","Ly86","TC I"
1.55120757584259e-26,1.40716220862517,0.262,0.108,3.22325422184332e-22,2,"ENSMUSG00000041272","Tox","TC I"
1.27615592263312e-66,1.45415678287326,0.882,0.618,2.65172439163935e-62,2,"ENSMUSG00000038679","Trps1","TC I"
8.6821036452735e-70,1.45684994918697,0.672,0.216,1.80405431645138e-65,2,"ENSMUSG00000036006","Ripor2","TC I"
2.74734568543519e-60,1.46443434026756,0.391,0.043,5.70870959976579e-56,2,"ENSMUSG00000047712","Ust","TC I"
2.25066048370811e-43,1.47171551626999,0.756,0.511,4.67664741909708e-39,2,"ENSMUSG00000071369","Map3k5","TC I"
1.07250420224148e-52,1.48173897491681,0.803,0.441,2.22855648183758e-48,2,"ENSMUSG00000034780","B3galt1","TC I"
9.60369500157632e-70,1.49558472751249,0.785,0.324,1.99555178437754e-65,2,"ENSMUSG00000001986","Gria3","TC I"
1.43900803581368e-59,1.52100179857541,0.64,0.229,2.99011479761725e-55,2,"ENSMUSG00000001300","Efnb2","TC I"
6.09871131908001e-69,1.52854483367797,0.496,0.085,1.26725122499164e-64,2,"ENSMUSG00000027219","Slc28a2","TC I"
1.02776064181643e-43,1.53611279798311,0.677,0.401,2.13558383763035e-39,2,"ENSMUSG00000039116","Adgrg6","TC I"
3.56376396724221e-38,1.55294657336001,0.446,0.129,7.40514514753259e-34,2,"ENSMUSG00000027520","Zdbf2","TC I"
1.9767862281159e-37,1.55364509125992,0.331,0.063,4.10756410340203e-33,2,"ENSMUSG00000057914","Cacnb2","TC I"
1.94451758302908e-65,1.55476886496342,0.491,0.086,4.04051308577613e-61,2,"ENSMUSG00000051379","Flrt3","TC I"
2.66269086085587e-69,1.55562649232322,0.399,0.039,5.53280533977241e-65,2,"ENSMUSG00000045095","Magi1","TC I"
3.67838369251136e-60,1.57513894846414,0.774,0.383,7.64331347466935e-56,2,"ENSMUSG00000025969","Nrp2","TC I"
6.58974460580243e-59,1.57747254394478,0.451,0.074,1.36928303163969e-54,2,"ENSMUSG00000052013","Btla","TC I"
4.49649443846472e-41,1.59367621260212,0.218,0.014,9.34326579368584e-37,2,"ENSMUSG00000102802","Mgam2-ps","TC I"
3.27216563835353e-59,1.59813619047064,0.407,0.049,6.79923297993481e-55,2,"ENSMUSG00000036103","Colec12","TC I"
8.02518166320318e-74,1.60206060347868,0.735,0.282,1.66755249779699e-69,2,"ENSMUSG00000019843","Fyn","TC I"
8.35796853640609e-85,1.60249116976718,0.58,0.104,1.73670228217982e-80,2,"ENSMUSG00000024420","Zfp521","TC I"
1.58761314500095e-39,1.64815584654483,0.504,0.181,3.29890135399748e-35,2,"ENSMUSG00000024304","Cdh2","TC I"
3.98430654455651e-77,1.6789730034972,0.362,0.014,8.27899056893398e-73,2,"ENSMUSG00000073530","Pappa2","TC I"
3.74097253915168e-74,1.70632142533917,0.549,0.143,7.77336683910327e-70,2,"ENSMUSG00000040270","Bach2","TC I"
3.74330674433915e-99,1.70755970517635,0.95,0.478,7.77821708406233e-95,2,"ENSMUSG00000042331","Specc1","TC I"
2.10186312200129e-54,1.74414073066907,0.415,0.131,4.36746138120648e-50,2,"ENSMUSG00000004347","Pde1c","TC I"
1.78245149532104e-100,1.77386541403179,0.528,0.041,3.70375596212759e-96,2,"ENSMUSG00000060131","Atp8b4","TC I"
9.85755495921857e-92,1.8003418715559,0.559,0.072,2.04830134497603e-87,2,"ENSMUSG00000034324","Tmem132c","TC I"
1.564817222597e-62,1.80164043534436,0.57,0.207,3.25153370683432e-58,2,"ENSMUSG00000027784","Ppm1l","TC I"
4.91499101392271e-67,1.80693639274541,0.299,0.006,1.021285982783e-62,2,"ENSMUSG00000039542","Ncam1","TC I"
1.10007294495932e-113,1.8105195714363,0.885,0.526,2.28584157233097e-109,2,"ENSMUSG00000058317","Ube2e2","TC I"
4.27538571267536e-61,1.82170446425835,0.365,0.034,8.88382397236814e-57,2,"ENSMUSG00000057098","Ebf1","TC I"
1.90754007662559e-70,1.8512419329107,0.472,0.074,3.9636775252203e-66,2,"ENSMUSG00000022629","Kif21a","TC I"
8.29741787546485e-91,1.89618507015392,0.583,0.145,1.72412046034284e-86,2,"ENSMUSG00000055022","Cntn1","TC I"
1.90785161128864e-85,1.89956238657131,0.793,0.433,3.96432486309667e-81,2,"ENSMUSG00000032076","Cadm1","TC I"
3.019689514666e-129,1.91362265681405,0.953,0.718,6.27461284252447e-125,2,"ENSMUSG00000054640","Slc8a1","TC I"
2.86012016802285e-92,1.92094491212094,0.764,0.269,5.94304369713468e-88,2,"ENSMUSG00000049744","Arhgap15","TC I"
1.51311443424916e-67,1.92918616121282,0.648,0.205,3.14410048292632e-63,2,"ENSMUSG00000005583","Mef2c","TC I"
4.89827339256537e-83,1.92928732877932,0.433,0.029,1.01781222824116e-78,2,"ENSMUSG00000022367","Has2","TC I"
3.09164214354573e-64,1.93856861045022,0.428,0.06,6.42412321007367e-60,2,"ENSMUSG00000026610","Esrrg","TC I"
1.70008260466955e-66,2.03603417127556,0.57,0.13,3.53260164424285e-62,2,"ENSMUSG00000022510","Trp63","TC I"
1.10537879792795e-36,2.0444034622075,0.349,0.077,2.29686660421449e-32,2,"ENSMUSG00000064115","Cadm2","TC I"
1.43199850212012e-82,2.06743486767351,0.47,0.055,2.9755496875554e-78,2,"ENSMUSG00000029673","Auts2","TC I"
1.46069596389178e-101,2.06775661024161,0.787,0.288,3.03518014337072e-97,2,"ENSMUSG00000052062","Pard3b","TC I"
5.28292451663323e-84,2.08674807445099,0.73,0.446,1.09773888531122e-79,2,"ENSMUSG00000036019","Tmtc2","TC I"
9.88156879219555e-42,2.18814173582001,0.457,0.133,2.05329117933031e-37,2,"ENSMUSG00000024109","Nrxn1","TC I"
2.2932166763752e-101,2.22952714898408,0.756,0.219,4.76507493184003e-97,2,"ENSMUSG00000022901","Cd86","TC I"
5.50884989093651e-125,2.35392915460399,0.921,0.466,1.1446839188377e-120,2,"ENSMUSG00000020120","Plek","TC I"
1.56771862717778e-172,2.57751963084221,0.906,0.179,3.2575625354127e-168,2,"ENSMUSG00000075122","Cd80","TC I"
2.84237642720934e-97,2.62548306326207,0.709,0.23,5.90617397809829e-93,2,"ENSMUSG00000060579","Fhit","TC I"
1.20613337700846e-42,2.64458154930062,0.236,0.017,2.50622454408587e-38,2,"ENSMUSG00000060924","Csmd1","TC I"
6.66787614812912e-131,2.68028932076061,0.554,0.017,1.38551798481975e-126,2,"ENSMUSG00000039683","Sdk1","TC I"
1.79898345465866e-131,2.68351486908398,0.853,0.37,3.73810772043523e-127,2,"ENSMUSG00000036815","Dpp10","TC I"
1.07549370640572e-157,2.78503793806596,0.685,0.048,2.23476837254045e-153,2,"ENSMUSG00000026576","Atp1b1","TC I"
5.3150040440932e-98,3.07310060043805,0.551,0.072,1.10440469032213e-93,2,"ENSMUSG00000035864","Syt1","TC I"
8.83563547842234e-122,4.66194884380988,0.614,0.099,1.83595669606138e-117,2,"ENSMUSG00000062991","Nrg1","TC I"
1.19259580267559e-28,0.833544563559431,0.803,0.521,2.47809481837961e-24,3,"ENSMUSG00000044447","Dock5","TC II"
8.30807795331587e-19,0.842321610649834,0.27,0.077,1.72633551791951e-14,3,"ENSMUSG00000001444","Tbx21","TC II"
1.08158597501005e-24,0.845681309781108,0.49,0.225,2.24742749747338e-20,3,"ENSMUSG00000058013","Sept11","TC II"
3.42055147366038e-32,0.853647208143155,0.812,0.534,7.10756390711891e-28,3,"ENSMUSG00000060477","Irak2","TC II"
4.22832107545852e-19,0.858958656004093,0.272,0.085,8.78602836269526e-15,3,"ENSMUSG00000020627","Klhl29","TC II"
3.88004564335773e-23,0.862623309961287,0.69,0.45,8.06234684233303e-19,3,"ENSMUSG00000069833","Ahnak","TC II"
3.83811899313802e-29,0.867110303469255,0.614,0.298,7.9752274558415e-25,3,"ENSMUSG00000037685","Atp8a1","TC II"
7.90520729798532e-21,0.870562116343789,0.548,0.285,1.64262302444837e-16,3,"ENSMUSG00000037847","Nmrk1","TC II"
4.11963050927184e-46,0.874373330328369,0.983,0.839,8.56018023521596e-42,3,"ENSMUSG00000019726","Lyst","TC II"
1.62356453043943e-24,0.877333807283944,0.406,0.143,3.37360473780009e-20,3,"ENSMUSG00000021559","Dapk1","TC II"
2.95736400166389e-25,0.883485766781157,0.574,0.298,6.14510665905741e-21,3,"ENSMUSG00000017631","Abr","TC II"
2.63638395142171e-32,0.883518567999241,0.513,0.182,5.47814221265917e-28,3,"ENSMUSG00000029797","Sspo","TC II"
6.61649542725984e-29,0.887341510462704,0.4,0.115,1.37484158483032e-24,3,"ENSMUSG00000029093","Sorcs2","TC II"
9.35624753384564e-43,0.887394609832078,0.487,0.125,1.94413467505778e-38,3,"ENSMUSG00000005142","Man2b1","TC II"
1.31755139234101e-39,0.895155127475769,0.786,0.431,2.73774003814538e-35,3,"ENSMUSG00000028760","Eif4g3","TC II"
3.70303714593611e-32,0.895885314420303,0.783,0.552,7.69454088554065e-28,3,"ENSMUSG00000021948","Prkcd","TC II"
5.74393288766186e-17,0.897102076092696,0.171,0.035,1.19353181472726e-12,3,"ENSMUSG00000086877","A230072C01Rik","TC II"
1.25068387938226e-27,0.902276744485653,0.69,0.378,2.59879603296839e-23,3,"ENSMUSG00000027506","Tpd52","TC II"
8.89569670692266e-42,0.903112660494339,0.922,0.728,1.84843681873146e-37,3,"ENSMUSG00000051335","Gfod1","TC II"
1.78715290854064e-25,0.903331165319293,0.62,0.348,3.7135250286566e-21,3,"ENSMUSG00000019256","Ahr","TC II"
4.82122335330086e-59,0.90436828751501,0.313,0.013,1.00180200058239e-54,3,"ENSMUSG00000086706","Gm15848","TC II"
7.4945914316858e-35,0.910787223704626,0.826,0.593,1.55730115358999e-30,3,"ENSMUSG00000023034","Nr4a1","TC II"
6.77680266827799e-44,0.911768357009885,0.942,0.769,1.40815182644148e-39,3,"ENSMUSG00000023169","Slc38a1","TC II"
1.51115491688048e-58,0.915422803496231,0.359,0.028,3.14002880178594e-54,3,"ENSMUSG00000047586","Nccrp1","TC II"
6.40058254829341e-35,0.915438426261991,0.443,0.125,1.32997704770989e-30,3,"ENSMUSG00000055994","Nod2","TC II"
3.77131799149456e-24,0.915658081512691,0.386,0.126,7.83642165452655e-20,3,"ENSMUSG00000052942","Glis3","TC II"
5.01063670699549e-34,0.920039968171475,0.307,0.052,1.04116020134659e-29,3,"ENSMUSG00000038147","Cd84","TC II"
2.63637126918151e-37,0.920703644627102,0.861,0.633,5.47811586023226e-33,3,"ENSMUSG00000064043","Trerf1","TC II"
1.17405675856561e-45,0.92413455858761,0.206,0.002,2.43957253862348e-41,3,"ENSMUSG00000046634","Pkd1l1","TC II"
2.52288112150866e-22,0.925983667687713,0.493,0.226,5.24229468238284e-18,3,"ENSMUSG00000026558","Uck2","TC II"
1.46036617867824e-32,0.928606496769782,0.655,0.308,3.03449488267552e-28,3,"ENSMUSG00000001918","Slc1a5","TC II"
3.51697846932502e-30,0.933871851456481,0.49,0.181,7.30792956141047e-26,3,"ENSMUSG00000027799","Nbea","TC II"
1.89391158215967e-27,0.935846845255417,0.707,0.395,3.93535887656957e-23,3,"ENSMUSG00000004637","Wwox","TC II"
1.15180006351048e-30,0.936699468196499,0.212,0.02,2.39332535196843e-26,3,"ENSMUSG00000052572","Dlg2","TC II"
1.87929140525717e-43,0.93996596749389,0.568,0.191,3.90497961098387e-39,3,"ENSMUSG00000026126","Ptpn18","TC II"
4.85542471832879e-53,0.978624195529543,0.959,0.766,1.00890870222154e-48,3,"ENSMUSG00000026116","Tmem131","TC II"
1.44646978849185e-43,0.986199451327619,0.841,0.575,3.00561957350722e-39,3,"ENSMUSG00000029135","Fosl2","TC II"
1.52394030384072e-53,0.988632271557215,0.91,0.583,3.16659555735062e-49,3,"ENSMUSG00000046805","Mpeg1","TC II"
8.45321532800595e-33,0.993780878341175,0.612,0.289,1.75649361300636e-28,3,"ENSMUSG00000024737","Slc15a3","TC II"
1.37873232776704e-22,0.997617353429945,0.646,0.398,2.86486790386713e-18,3,"ENSMUSG00000021690","Jmy","TC II"
2.00040837320679e-32,0.997866971905867,0.852,0.701,4.15664855868639e-28,3,"ENSMUSG00000022139","Mbnl2","TC II"
3.04086035549178e-50,0.998265621336274,0.919,0.661,6.31860373267636e-46,3,"ENSMUSG00000056124","B4galt6","TC II"
8.37447731829681e-25,1.00114269516148,0.562,0.271,1.74013264196889e-20,3,"ENSMUSG00000035818","Plekhs1","TC II"
8.27188724737581e-35,1.0114075858816,0.609,0.262,1.71881545113222e-30,3,"ENSMUSG00000026701","Prdx6","TC II"
6.47310788646927e-38,1.01292016449249,0.913,0.659,1.34504708772945e-33,3,"ENSMUSG00000042507","Elmsan1","TC II"
8.35111197908466e-20,1.01874997045115,0.397,0.192,1.735277558134e-15,3,"ENSMUSG00000067610","Klri1","TC II"
1.61624977965895e-61,1.01971881282079,0.986,0.819,3.35840541715334e-57,3,"ENSMUSG00000004698","Hdac9","TC II"
2.56031190189173e-27,1.0221932976073,0.455,0.173,5.32007210094083e-23,3,"ENSMUSG00000028327","Stra6l","TC II"
1.10773052510654e-55,1.02313799823513,0.951,0.72,2.30175325811887e-51,3,"ENSMUSG00000005672","Kit","TC II"
2.28048459950811e-46,1.03314043818411,0.872,0.543,4.7386189493179e-42,3,"ENSMUSG00000030102","Itpr1","TC II"
1.01443586372854e-34,1.0344838233386,0.713,0.435,2.10789628124154e-30,3,"ENSMUSG00000034640","Tiparp","TC II"
5.39225299370722e-57,1.03785885485457,0.452,0.072,1.12045624956242e-52,3,"ENSMUSG00000044505","Lingo4","TC II"
1.83426759577754e-43,1.04040816403718,0.803,0.494,3.81142463726616e-39,3,"ENSMUSG00000032012","Nectin1","TC II"
4.96442510736837e-37,1.04759564518431,0.438,0.11,1.03155789306007e-32,3,"ENSMUSG00000070407","Hs3st3b1","TC II"
3.7690421647161e-33,1.04901002855876,0.446,0.132,7.83169271406359e-29,3,"ENSMUSG00000025017","Pik3ap1","TC II"
1.20289906532536e-45,1.04909397217495,0.359,0.048,2.49950396783957e-41,3,"ENSMUSG00000037940","Inpp4b","TC II"
4.55838271911566e-52,1.0527653977077,0.522,0.119,9.47186345205044e-48,3,"ENSMUSG00000018008","Cyth4","TC II"
1.55733231340753e-44,1.05394585393376,0.449,0.102,3.23598081402952e-40,3,"ENSMUSG00000042082","Arsb","TC II"
2.22794346030961e-55,1.05755785716341,0.858,0.503,4.62944371617734e-51,3,"ENSMUSG00000039943","Plcb4","TC II"
1.9759648085029e-41,1.06387110233109,0.586,0.202,4.10585727558817e-37,3,"ENSMUSG00000029254","Stap1","TC II"
9.81185294403806e-56,1.06560837201096,0.878,0.585,2.03880492324167e-51,3,"ENSMUSG00000022119","Rbm26","TC II"
3.2522067401556e-34,1.06890833483455,0.655,0.339,6.75776038536931e-30,3,"ENSMUSG00000023951","Vegfa","TC II"
9.55830267098051e-37,1.07479129672912,0.736,0.401,1.98611971200304e-32,3,"ENSMUSG00000037519","Ppfia1","TC II"
2.3453517368537e-44,1.07815566808946,0.693,0.301,4.87340637400831e-40,3,"ENSMUSG00000056069","Otulinl","TC II"
3.10087467319927e-46,1.07830700046276,0.58,0.215,6.44330748344077e-42,3,"ENSMUSG00000022529","Zfp263","TC II"
7.98483953412161e-51,1.09152953515424,0.507,0.134,1.65916980679513e-46,3,"ENSMUSG00000020709","Adap2","TC II"
2.19167357218486e-66,1.09398246381235,1,0.996,4.55407851564292e-62,3,"ENSMUSG00000053641","Dennd4a","TC II"
5.11579479226183e-44,1.10508683032702,0.832,0.509,1.06301099988409e-39,3,"ENSMUSG00000052534","Pbx1","TC II"
9.84615314369268e-52,1.1127865912226,0.504,0.107,2.0459321617279e-47,3,"ENSMUSG00000034684","Sema3f","TC II"
1.06670572458005e-60,1.12132986025318,0.725,0.265,2.21650782510489e-56,3,"ENSMUSG00000052160","Pld4","TC II"
5.84733790287152e-52,1.12614526680361,0.481,0.096,1.21501834283767e-47,3,"ENSMUSG00000038244","Mical2","TC II"
7.43166147845264e-32,1.12631358420475,0.571,0.275,1.54422493860767e-27,3,"ENSMUSG00000042688","Mapk6","TC II"
1.45135911713907e-44,1.132749028391,0.516,0.149,3.01577910950327e-40,3,"ENSMUSG00000099696","2900052N01Rik","TC II"
7.58842757663257e-47,1.13845735095835,0.571,0.173,1.57679936614848e-42,3,"ENSMUSG00000052512","Nav2","TC II"
1.56981218733396e-43,1.14382683143181,0.774,0.431,3.26191274406123e-39,3,"ENSMUSG00000090272","Mndal","TC II"
3.38087412382389e-43,1.14446855650937,0.675,0.305,7.02511834189366e-39,3,"ENSMUSG00000053436","Mapk14","TC II"
1.50015820968053e-78,1.14575638457737,0.983,0.873,3.11717874389518e-74,3,"ENSMUSG00000021998","Lcp1","TC II"
1.25004145215434e-43,1.1489456783302,0.568,0.196,2.59746113343149e-39,3,"ENSMUSG00000027843","Ptpn22","TC II"
7.98659063787011e-49,1.15295874765303,0.936,0.736,1.65953366864303e-44,3,"ENSMUSG00000022905","Kpna1","TC II"
2.07328347657876e-55,1.15861593804493,0.658,0.218,4.30807573598301e-51,3,"ENSMUSG00000025163","Cd7","TC II"
5.8214878123962e-64,1.15882326312682,0.809,0.373,1.20964695253781e-59,3,"ENSMUSG00000027215","Cd82","TC II"
2.03210084890369e-46,1.16108647490057,0.722,0.346,4.22250235393697e-42,3,"ENSMUSG00000035919","Bbs9","TC II"
3.4866334662549e-58,1.16709322490903,0.681,0.234,7.24487567953105e-54,3,"ENSMUSG00000045038","Prkce","TC II"
1.27025144853769e-49,1.16907912557761,0.704,0.287,2.63945548491648e-45,3,"ENSMUSG00000024897","Apba1","TC II"
6.22335494613224e-32,1.18690382411308,0.6,0.274,1.29315092425682e-27,3,"ENSMUSG00000034731","Dgkh","TC II"
1.36257762988322e-49,1.18719874733221,0.913,0.819,2.83130005713435e-45,3,"ENSMUSG00000030203","Dusp16","TC II"
2.73854859040895e-79,1.19145640334973,0.916,0.597,5.69043011601075e-75,3,"ENSMUSG00000023010","Tmbim6","TC II"
8.13506902908909e-69,1.19848048662728,0.478,0.062,1.69038599355442e-64,3,"ENSMUSG00000034917","Tjp3","TC II"
5.47718545900051e-40,1.19874781946651,0.646,0.277,1.13810436652572e-35,3,"ENSMUSG00000037580","Gch1","TC II"
8.18265851763748e-78,1.20397068737753,0.443,0.032,1.70027461337989e-73,3,"ENSMUSG00000030310","Slc6a1","TC II"
2.65713132986634e-60,1.21715548752153,0.884,0.445,5.52125319032928e-56,3,"ENSMUSG00000063458","Lrmda","TC II"
5.43963593583188e-49,1.22824954535959,0.817,0.49,1.13030195110651e-44,3,"ENSMUSG00000026648","Dclre1c","TC II"
1.79370387769949e-61,1.22992942346866,0.867,0.477,3.72713728747177e-57,3,"ENSMUSG00000021196","Pfkp","TC II"
4.57778466397232e-55,1.23062947023311,0.858,0.535,9.51217875326808e-51,3,"ENSMUSG00000020024","Cep83","TC II"
6.43865950126515e-62,1.24568581417272,0.606,0.175,1.33788905776788e-57,3,"ENSMUSG00000000594","Gm2a","TC II"
3.9655836141839e-72,1.25558657750301,0.899,0.548,8.24008619191272e-68,3,"ENSMUSG00000032870","Smap2","TC II"
2.33001127915151e-71,1.28463368371987,0.325,0.004,4.84153043694891e-67,3,"ENSMUSG00000035459","Stab2","TC II"
4.16479513262711e-66,1.32190793891593,0.513,0.085,8.65402780608587e-62,3,"ENSMUSG00000014453","Blk","TC II"
8.95316536654798e-56,1.33059840179854,0.835,0.483,1.860378231515e-51,3,"ENSMUSG00000059456","Ptk2b","TC II"
5.28903439133856e-36,1.34225782195557,0.612,0.25,1.09900845617624e-31,3,"ENSMUSG00000023868","Pde10a","TC II"
5.2617746003261e-88,1.34817266880316,0.612,0.085,1.09334414420176e-83,3,"ENSMUSG00000001128","Cfp","TC II"
1.84341609183362e-69,1.34972249386228,0.333,0.008,3.83043429722108e-65,3,"ENSMUSG00000021553","Slc28a3","TC II"
1.68381409981094e-73,1.37152428824812,0.794,0.264,3.49879731799716e-69,3,"ENSMUSG00000061143","Maml3","TC II"
3.84858695887399e-75,1.38446921803454,0.829,0.435,7.99697884184426e-71,3,"ENSMUSG00000062866","Phactr2","TC II"
1.80865304710623e-60,1.38583971829535,0.696,0.25,3.75820016658204e-56,3,"ENSMUSG00000041920","Slc16a6","TC II"
2.15707635307859e-57,1.40606814411337,0.672,0.267,4.48218895406201e-53,3,"ENSMUSG00000021281","Tnfaip2","TC II"
3.78376396014101e-97,1.42456453617175,0.98,0.69,7.862283132777e-93,3,"ENSMUSG00000021699","Pde4d","TC II"
1.25415355091438e-44,1.43661724197885,0.606,0.212,2.60600566344499e-40,3,"ENSMUSG00000089809","Rasgef1b","TC II"
6.3239445452445e-74,1.45542799788976,0.638,0.155,1.31405243705635e-69,3,"ENSMUSG00000044456","Rin3","TC II"
5.46811680086732e-129,1.46292733677617,1,0.865,1.13621999005222e-124,3,"ENSMUSG00000041112","Elmo1","TC II"
2.40355529780159e-52,1.47683241267545,0.557,0.157,4.99434755330193e-48,3,"ENSMUSG00000019990","Pde7b","TC II"
3.91962516189853e-73,1.47741007732641,0.829,0.529,8.14458912390895e-69,3,"ENSMUSG00000018654","Ikzf1","TC II"
1.59514986841994e-117,1.58578223522118,1,0.685,3.31456191158979e-113,3,"ENSMUSG00000032220","Myo1e","TC II"
6.34441337900437e-104,1.58722770247845,0.951,0.658,1.31830565602332e-99,3,"ENSMUSG00000034724","Cnot6l","TC II"
3.03484844762283e-48,1.61620847279639,0.678,0.275,6.30611158931548e-44,3,"ENSMUSG00000030257","Srgap3","TC II"
4.78477204703546e-109,1.62109247718777,0.87,0.37,9.94227783653499e-105,3,"ENSMUSG00000024399","Ltb","TC II"
2.22874301411925e-74,1.64345157534814,0.554,0.088,4.63110510903838e-70,3,"ENSMUSG00000030064","Frmd4b","TC II"
2.11085543037846e-105,1.6437633900702,0.754,0.24,4.38614649878341e-101,3,"ENSMUSG00000030314","Atg7","TC II"
5.74951135154493e-107,1.69094071414246,0.8,0.247,1.19469096373752e-102,3,"ENSMUSG00000028150","Rorc","TC II"
4.44376094695277e-99,1.72635289465143,0.748,0.175,9.23369087167316e-95,3,"ENSMUSG00000028926","Cdk14","TC II"
4.29977788913051e-153,1.80198901702869,0.997,0.721,8.93450847582428e-149,3,"ENSMUSG00000039410","Prdm16","TC II"
2.47009316942023e-93,1.8862465362242,0.748,0.199,5.13260659673829e-89,3,"ENSMUSG00000025810","Nrp1","TC II"
9.22421262467771e-141,1.97841138725224,0.959,0.362,1.91669914128178e-136,3,"ENSMUSG00000051506","Wdfy4","TC II"
7.07201715761174e-126,2.00618105325754,0.884,0.242,1.46949444518014e-121,3,"ENSMUSG00000054555","Adam12","TC II"
9.40662303243358e-124,2.17192987238944,0.803,0.249,1.95460219990937e-119,3,"ENSMUSG00000079298","Klrb1b","TC II"
1.09772042680301e-92,2.2478488824407,0.794,0.324,2.28095327485397e-88,3,"ENSMUSG00000000628","Hk2","TC II"
2.91697539449938e-178,2.27040319118992,0.965,0.32,6.06118317223026e-174,3,"ENSMUSG00000025064","Col17a1","TC II"
4.20829412716961e-147,2.31263312110552,0.933,0.306,8.74441436684573e-143,3,"ENSMUSG00000031355","Arhgap6","TC II"
1.55377861807778e-157,2.65228994765435,0.69,0.031,3.22859659050382e-153,3,"ENSMUSG00000004110","Cacna1e","TC II"
1.01192231947591e-154,2.78096029827759,0.684,0.032,2.10267338763899e-150,3,"ENSMUSG00000026417","Pigr","TC II"
1.10725675738783e-13,0.674001224436013,0.713,0.515,2.30076881617616e-09,4,"ENSMUSG00000020097","Sgpl1","TC III"
8.30748124487189e-20,0.674237272443017,0.633,0.33,1.72621152787193e-15,4,"ENSMUSG00000042035","Igsf3","TC III"
1.20265535436403e-14,0.67929697236625,0.661,0.411,2.49899756083303e-10,4,"ENSMUSG00000047881","Rell1","TC III"
9.30325633449034e-21,0.682716952407669,0.849,0.636,1.93312363374375e-16,4,"ENSMUSG00000018920","Cxcl16","TC III"
4.84161197655158e-24,0.690357152868583,0.311,0.062,1.00603855260765e-19,4,"ENSMUSG00000096001","2610528A11Rik","TC III"
6.7407972673222e-10,0.691411122267423,0.112,0.02,1.40067026417688e-05,4,"ENSMUSG00000060843","Ctnna3","TC III"
3.41222441972756e-22,0.691514969072332,0.96,0.867,7.09026112175189e-18,4,"ENSMUSG00000024805","Pcgf5","TC III"
2.03946806428857e-19,0.691523141139972,0.769,0.577,4.23781069078523e-15,4,"ENSMUSG00000048865","Arhgap30","TC III"
1.38116503861666e-22,0.695496532177166,0.323,0.077,2.86992283374156e-18,4,"ENSMUSG00000026414","Tnnt2","TC III"
2.92968712148019e-13,0.699577612099055,0.386,0.185,6.0875968697237e-09,4,"ENSMUSG00000053600","Zfp472","TC III"
2.46384532370223e-25,0.699664970388386,0.976,0.858,5.11962419812086e-21,4,"ENSMUSG00000022876","Samsn1","TC III"
6.58857149988874e-14,0.706268794827458,0.737,0.526,1.36903927196188e-09,4,"ENSMUSG00000034612","Chst11","TC III"
1.55510978469599e-17,0.706421869933549,0.351,0.115,3.23136262161979e-13,4,"ENSMUSG00000038807","Rap1gap2","TC III"
1.45132085767521e-17,0.709009855646944,0.745,0.533,3.01569961016332e-13,4,"ENSMUSG00000032359","Ctsh","TC III"
1.4223574368418e-24,0.710599456218232,0.375,0.104,2.95551651801357e-20,4,"ENSMUSG00000070520","Nsmce3","TC III"
9.14921030095116e-18,0.711273808469931,0.542,0.264,1.90111440843464e-13,4,"ENSMUSG00000067341","H2-Eb2","TC III"
1.70233407341224e-23,0.719750474203643,0.869,0.564,3.53727997114329e-19,4,"ENSMUSG00000025938","Slco5a1","TC III"
5.70770678760571e-21,0.721023493911087,0.347,0.104,1.18600439339659e-16,4,"ENSMUSG00000027655","Dhx35","TC III"
1.63842485161525e-30,0.725348899409185,0.996,0.947,3.40448299917133e-26,4,"ENSMUSG00000032097","Ddx6","TC III"
1.07701103836924e-15,0.727957739832529,0.837,0.67,2.23792123662745e-11,4,"ENSMUSG00000019820","Utrn","TC III"
6.8455696699619e-17,0.729643598176871,0.554,0.308,1.42244092172138e-12,4,"ENSMUSG00000066894","Vsig10","TC III"
8.21771956105236e-17,0.730915965179483,0.378,0.138,1.70755994759107e-12,4,"ENSMUSG00000024049","Myom1","TC III"
5.22507779644605e-19,0.736111731910917,0.367,0.133,1.08571891532353e-14,4,"ENSMUSG00000010609","Psen2","TC III"
1.315882786814e-21,0.737975064062791,0.904,0.731,2.73427284272081e-17,4,"ENSMUSG00000037894","H2afz","TC III"
6.30740139869016e-29,0.743487079588786,0.944,0.662,1.31061493663383e-24,4,"ENSMUSG00000039395","Mreg","TC III"
1.58999430887843e-20,0.744693715894996,0.741,0.496,3.30384917441849e-16,4,"ENSMUSG00000075706","Gpx4","TC III"
2.06489166191863e-17,0.752052448083553,0.386,0.152,4.29063838430072e-13,4,"ENSMUSG00000025277","Abhd6","TC III"
6.54608026295939e-26,0.753535445588967,0.307,0.055,1.36021001784033e-21,4,"ENSMUSG00000046971","Pla2g4f","TC III"
8.91892441859191e-16,0.754110970530721,0.554,0.34,1.85326330493921e-11,4,"ENSMUSG00000037652","Phc3","TC III"
2.9061915326724e-20,0.75527704836072,0.43,0.17,6.03877538573997e-16,4,"ENSMUSG00000041782","Lad1","TC III"
5.26354003881947e-25,0.756201433101116,0.769,0.468,1.0937109846663e-20,4,"ENSMUSG00000074227","Spint2","TC III"
2.33954847344941e-20,0.758766283752057,0.402,0.138,4.86134777298053e-16,4,"ENSMUSG00000030605","Mfge8","TC III"
1.03899473399238e-21,0.759427073846068,0.861,0.629,2.15892715776277e-17,4,"ENSMUSG00000069114","Zbtb10","TC III"
1.70123961181165e-11,0.759603244126301,0.486,0.289,3.53500578938342e-07,4,"ENSMUSG00000030657","Xylt1","TC III"
7.5519366529537e-32,0.768284537639463,0.944,0.774,1.56921691711725e-27,4,"ENSMUSG00000031447","Lamp1","TC III"
3.81045883236205e-21,0.772284240562282,0.283,0.066,7.91775240776511e-17,4,"ENSMUSG00000052125","F730043M19Rik","TC III"
2.88241173921417e-30,0.775741460961221,0.422,0.1,5.98936335291313e-26,4,"ENSMUSG00000054871","Tmem158","TC III"
3.53778700115594e-21,0.776852771521655,0.606,0.304,7.35116760970192e-17,4,"ENSMUSG00000030753","Thap12","TC III"
1.42795497593955e-18,0.780791872224441,0.594,0.36,2.9671476445048e-14,4,"ENSMUSG00000052144","Ppp4r2","TC III"
2.53320807795155e-19,0.788193894177842,0.594,0.323,5.26375306517553e-15,4,"ENSMUSG00000031103","Elf4","TC III"
1.15283969963217e-16,0.788524021439497,0.502,0.27,2.39548561186568e-12,4,"ENSMUSG00000029173","Sepsecs","TC III"
7.8908308877527e-33,0.797314000556853,0.984,0.847,1.63963575016613e-28,4,"ENSMUSG00000092274","Neat1","TC III"
1.37855014470944e-25,0.797671042617927,0.853,0.544,2.86448934569174e-21,4,"ENSMUSG00000032324","Tspan3","TC III"
2.84051536695512e-19,0.805440357969082,0.43,0.168,5.90230688099605e-15,4,"ENSMUSG00000003810","Mast2","TC III"
8.69801659948005e-27,0.80605331948615,0.629,0.279,1.80736086920596e-22,4,"ENSMUSG00000040713","Creg1","TC III"
1.79972758177229e-20,0.810649271648876,0.645,0.326,3.73965394216465e-16,4,"ENSMUSG00000044337","Ackr3","TC III"
3.4126521838945e-18,0.823292688342324,0.594,0.381,7.09114997291439e-14,4,"ENSMUSG00000024985","Tcf7l2","TC III"
9.04327556283011e-38,0.824277239525747,0.976,0.861,1.87910222920047e-33,4,"ENSMUSG00000057367","Birc2","TC III"
3.7870698813031e-19,0.825803048772611,0.394,0.149,7.86915250635972e-15,4,"ENSMUSG00000040183","Ankrd6","TC III"
4.65137364181225e-29,0.831757240297551,0.422,0.124,9.66508929032167e-25,4,"ENSMUSG00000058672","Tubb2a","TC III"
8.84426255404068e-38,0.834613126912399,0.303,0.027,1.83774931610411e-33,4,"ENSMUSG00000021953","Tdh","TC III"
2.39069903847636e-35,0.840091489922416,0.291,0.027,4.96763353205003e-31,4,"ENSMUSG00000036062","Phf24","TC III"
1.41858786385276e-24,0.846264335268661,0.434,0.131,2.94768372229965e-20,4,"ENSMUSG00000049556","Lingo1","TC III"
3.08795778523203e-35,0.850024126096129,0.976,0.941,6.41646748193364e-31,4,"ENSMUSG00000032740","Ccdc88a","TC III"
5.48095814561907e-22,0.866114351607182,0.414,0.142,1.13888829307819e-17,4,"ENSMUSG00000018334","Ksr1","TC III"
2.76129468152426e-17,0.866729812266845,0.502,0.274,5.73769421873927e-13,4,"ENSMUSG00000044042","Fmn1","TC III"
6.58293538750233e-21,0.869453292790184,0.458,0.165,1.36786814416911e-16,4,"ENSMUSG00000022836","Mylk","TC III"
9.06448918411883e-23,0.880622332872364,0.602,0.267,1.88351020756805e-18,4,"ENSMUSG00000021779","Thrb","TC III"
1.05953590050541e-22,0.880747916335972,0.582,0.261,2.20160964766019e-18,4,"ENSMUSG00000032402","Smad3","TC III"
1.58800323220433e-17,0.890761250825496,0.534,0.339,3.29971191619738e-13,4,"ENSMUSG00000097415","AU020206","TC III"
1.77022021535272e-20,0.895087381333591,0.645,0.36,3.67834058548141e-16,4,"ENSMUSG00000063146","Clip2","TC III"
9.62983709036518e-28,0.904955103482411,0.745,0.502,2.00098384900698e-23,4,"ENSMUSG00000024423","Impact","TC III"
7.30936734502708e-28,0.916788564407738,0.817,0.503,1.51881344062318e-23,4,"ENSMUSG00000024277","Mapre2","TC III"
4.50641078161051e-21,0.920009847670276,0.378,0.134,9.36387096310848e-17,4,"ENSMUSG00000021303","Gng4","TC III"
4.79034005995451e-36,0.928058728573283,0.355,0.051,9.95384761057947e-32,4,"ENSMUSG00000020734","Grin2c","TC III"
3.67382137999808e-28,0.934434511869674,0.757,0.466,7.63383344549802e-24,4,"ENSMUSG00000029833","Trim24","TC III"
2.87955102872713e-31,0.948107690984045,0.315,0.045,5.9834190825921e-27,4,"ENSMUSG00000004359","Spic","TC III"
2.87415351199575e-12,0.951569220629451,0.908,0.849,5.97220358257597e-08,4,"ENSMUSG00000003226","Ranbp2","TC III"
7.24335135056866e-31,0.955023133433394,0.454,0.138,1.50509597713466e-26,4,"ENSMUSG00000047415","Gpr68","TC III"
1.0530710755069e-30,0.955160673027581,0.912,0.719,2.1881763877958e-26,4,"ENSMUSG00000035164","Zc3h12c","TC III"
1.67318766617368e-39,0.958544646912961,0.482,0.108,3.47671665154229e-35,4,"ENSMUSG00000029075","Tnfrsf4","TC III"
1.72240488035248e-19,0.958912283674019,0.307,0.077,3.57898510088441e-15,4,"ENSMUSG00000059921","Unc5c","TC III"
1.21734938132506e-31,0.97003339163592,0.239,0.017,2.52953027945534e-27,4,"ENSMUSG00000041540","Sox5","TC III"
1.73881733962497e-32,0.984942120647907,0.821,0.488,3.61308855000672e-28,4,"ENSMUSG00000040613","Apobec1","TC III"
5.6141447725369e-31,0.985969384820898,0.789,0.441,1.16656314228544e-26,4,"ENSMUSG00000040723","Rcsd1","TC III"
9.27013605275742e-37,0.988889836442958,0.928,0.697,1.92624157040247e-32,4,"ENSMUSG00000037697","Ddhd1","TC III"
1.30488457320981e-42,0.990305582393652,0.964,0.876,2.71141965467267e-38,4,"ENSMUSG00000030655","Smg1","TC III"
4.93697598865836e-35,0.993722798210261,0.785,0.388,1.02585424068332e-30,4,"ENSMUSG00000031586","Rbpms","TC III"
8.00390428400259e-31,1.02855678207151,0.518,0.22,1.6631312711729e-26,4,"ENSMUSG00000030123","Plxnd1","TC III"
1.0180141683558e-33,1.04367622085459,0.841,0.465,2.11533164042651e-29,4,"ENSMUSG00000031342","Gpm6b","TC III"
8.59544062719361e-31,1.0481292572266,0.833,0.555,1.78604660792456e-26,4,"ENSMUSG00000022864","D16Ertd472e","TC III"
1.11651124992919e-30,1.0611536034846,0.689,0.323,2.31999872622787e-26,4,"ENSMUSG00000020593","Lpin1","TC III"
1.28377333779197e-36,1.065006821302,0.705,0.277,2.66755261859794e-32,4,"ENSMUSG00000020641","Rsad2","TC III"
5.97933364835973e-31,1.06890811109601,0.912,0.743,1.24244573879267e-26,4,"ENSMUSG00000024054","Smchd1","TC III"
2.21599280605007e-38,1.07034504178986,0.888,0.549,4.60461145169143e-34,4,"ENSMUSG00000000732","Icosl","TC III"
1.33491336404691e-33,1.08066914196004,0.673,0.306,2.77381647915307e-29,4,"ENSMUSG00000038055","Dexi","TC III"
2.12682664815828e-51,1.08366073531393,0.438,0.055,4.41933309220808e-47,4,"ENSMUSG00000047880","Cxcr5","TC III"
1.06937857640345e-32,1.09118355367765,0.829,0.5,2.22206174390874e-28,4,"ENSMUSG00000024899","Papss2","TC III"
4.291295610827e-32,1.09151813585755,0.53,0.197,8.91688314973742e-28,4,"ENSMUSG00000032754","Slc8b1","TC III"
8.77560072926973e-30,1.10066674306676,0.394,0.1,1.82348207553496e-25,4,"ENSMUSG00000020695","Mrc2","TC III"
1.20056642514329e-37,1.10236145261469,0.339,0.045,2.49465697480523e-33,4,"ENSMUSG00000032561","Acpp","TC III"
8.79965394317039e-43,1.1521084716098,0.769,0.368,1.82848009285138e-38,4,"ENSMUSG00000025351","Cd63","TC III"
6.4743892439375e-49,1.15554333940407,0.829,0.349,1.34531334099777e-44,4,"ENSMUSG00000045053","Kcng3","TC III"
1.55827157204793e-23,1.15937493746864,0.327,0.083,3.2379324995584e-19,4,"ENSMUSG00000000402","Egfl6","TC III"
2.59510600245813e-35,1.16483569202519,0.41,0.088,5.39237076250775e-31,4,"ENSMUSG00000030559","Rab38","TC III"
1.89508428234045e-39,1.18394890134238,0.641,0.232,3.93779563027521e-35,4,"ENSMUSG00000035900","Gramd4","TC III"
1.84910462387386e-42,1.18422869747962,0.486,0.098,3.8422544979475e-38,4,"ENSMUSG00000028278","Rragd","TC III"
4.86709661807523e-39,1.18993661292533,0.637,0.232,1.01133400626985e-34,4,"ENSMUSG00000031825","Crispld2","TC III"
8.34903340256704e-50,1.20403966445988,0.912,0.5,1.73484565071941e-45,4,"ENSMUSG00000022257","Laptm4b","TC III"
5.96150329347847e-43,1.2144305063108,0.673,0.364,1.23874076935189e-38,4,"ENSMUSG00000038780","Smurf1","TC III"
9.11914537938483e-34,1.2896657666116,0.618,0.289,1.89486721838237e-29,4,"ENSMUSG00000027200","Sema6d","TC III"
9.1384376328383e-35,1.32707586062203,0.896,0.641,1.89887595572747e-30,4,"ENSMUSG00000022014","Epsti1","TC III"
5.00306915055445e-37,1.34334067833309,0.737,0.35,1.03958773879371e-32,4,"ENSMUSG00000097305","Gm17276","TC III"
4.6843947545643e-42,1.38339058528959,0.717,0.303,9.73370386050916e-38,4,"ENSMUSG00000016763","Scube1","TC III"
4.38744914075841e-60,1.40936859253435,0.952,0.738,9.1166805695819e-56,4,"ENSMUSG00000095041","AC149090.1","TC III"
1.60804136469734e-47,1.41576929498559,0.777,0.363,3.34134915170459e-43,4,"ENSMUSG00000021662","Arhgef28","TC III"
4.69733372283513e-42,1.42048428476263,0.558,0.145,9.76058974267911e-38,4,"ENSMUSG00000016283","H2-M2","TC III"
1.03935744361914e-37,1.43304450208315,0.661,0.258,2.15968083209621e-33,4,"ENSMUSG00000063506","Arhgap22","TC III"
6.59969785652942e-92,1.4385116640245,0.984,0.772,1.37135121760825e-87,4,"ENSMUSG00000022263","Trio","TC III"
3.64912913099171e-32,1.46507161542038,0.319,0.048,7.58252542128767e-28,4,"ENSMUSG00000028528","Dnajc6","TC III"
2.6535700567752e-90,1.46881478477832,0.98,0.612,5.51385322097319e-86,4,"ENSMUSG00000074151","Nlrc5","TC III"
8.27362999484765e-78,1.48570382412671,0.968,0.587,1.71917757662939e-73,4,"ENSMUSG00000023032","Slc4a8","TC III"
7.23032252786879e-45,1.48893382754813,0.542,0.144,1.50238871806586e-40,4,"ENSMUSG00000039200","Atf7ip2","TC III"
1.32394907953978e-64,1.50161873768286,0.857,0.374,2.7510337923757e-60,4,"ENSMUSG00000038267","Slc22a23","TC III"
9.72779717807059e-16,1.54864602347031,0.47,0.27,2.02133897563129e-11,4,"ENSMUSG00000032350","Gclc","TC III"
1.07959066932467e-47,1.57659183118782,0.709,0.32,2.24328145178973e-43,4,"ENSMUSG00000040430","Pitpnc1","TC III"
2.25550306318799e-74,1.61482735335837,0.789,0.265,4.68670981499832e-70,4,"ENSMUSG00000028572","Hook1","TC III"
5.28206667731484e-80,1.6440967427285,0.912,0.368,1.09756063487925e-75,4,"ENSMUSG00000034265","Zdhhc14","TC III"
3.70575453200542e-67,1.64450114438338,0.661,0.188,7.70018734205407e-63,4,"ENSMUSG00000028965","Tnfrsf9","TC III"
9.06540902347604e-61,1.66031354169798,0.865,0.421,1.88370134098809e-56,4,"ENSMUSG00000025279","Dnase1l3","TC III"
2.89795400156612e-56,1.76315440625965,0.645,0.17,6.02165861985423e-52,4,"ENSMUSG00000029765","Plxna4","TC III"
1.316471640928e-49,1.76486263082942,0.665,0.26,2.7354964226843e-45,4,"ENSMUSG00000032087","Dscaml1","TC III"
2.48232998166305e-113,1.8533479391763,0.701,0.058,5.15803346889764e-109,4,"ENSMUSG00000033508","Asprv1","TC III"
3.30124666239325e-126,1.88675438659185,0.996,0.779,6.85966043978694e-122,4,"ENSMUSG00000037110","Ralgapa2","TC III"
1.86378891494162e-108,1.96408894319187,0.98,0.721,3.8727669863572e-104,4,"ENSMUSG00000029772","Ahcyl2","TC III"
8.91838823438531e-102,2.01615370233367,0.661,0.056,1.85315189122292e-97,4,"ENSMUSG00000047793","Sned1","TC III"
1.19252421933909e-30,2.05480675408141,0.446,0.184,2.4779460753647e-26,4,"ENSMUSG00000041078","Grid1","TC III"
1.74586789173214e-123,2.31588869085051,0.892,0.221,3.6277388922302e-119,4,"ENSMUSG00000035498","Cdcp1","TC III"
9.50802041529853e-124,2.47781124642544,0.833,0.157,1.97567156209488e-119,4,"ENSMUSG00000000731","Aire","TC III"
1.62928038860787e-116,2.54224899467421,0.653,0.049,3.38548171948829e-112,4,"ENSMUSG00000039706","Ldb2","TC III"
2.62501246604688e-42,0.886080405714961,0.399,0.104,5.4545134031988e-38,5,"ENSMUSG00000048027","Rgmb","TC IV"
1.77536248309765e-32,0.890913931182346,0.558,0.288,3.6890257036286e-28,5,"ENSMUSG00000028098","Rnf115","TC IV"
6.77813498374042e-49,0.892154241084138,0.219,0.006,1.40842866827142e-44,5,"ENSMUSG00000011256","Adam19","TC IV"
1.40276468477749e-49,0.893402453762111,0.746,0.368,2.91480473849916e-45,5,"ENSMUSG00000048163","Selplg","TC IV"
8.66829937549805e-34,0.900621667961701,0.46,0.179,1.80118592723474e-29,5,"ENSMUSG00000022508","Bcl6","TC IV"
1.48671326517831e-35,0.908228069934919,0.696,0.434,3.08924149371401e-31,5,"ENSMUSG00000028412","Slc44a1","TC IV"
4.37599017798822e-53,0.911069300100621,0.965,0.78,9.09286999084171e-49,5,"ENSMUSG00000024789","Jak2","TC IV"
1.49149837962318e-87,0.912132538774511,0.998,0.889,3.099184483019e-83,5,"ENSMUSG00000045763","Basp1","TC IV"
3.64615362407279e-28,0.914909632448344,0.711,0.494,7.57634261546085e-24,5,"ENSMUSG00000026728","Vim","TC IV"
4.40618690723187e-49,0.9159243439911,0.562,0.198,9.15561577453711e-45,5,"ENSMUSG00000033530","Ttc7b","TC IV"
2.043495836454e-46,0.926230847105364,0.82,0.475,4.24617999856776e-42,5,"ENSMUSG00000038729","Pakap","TC IV"
5.95713075838791e-33,0.927795716001549,0.199,0.018,1.23783220028542e-28,5,"ENSMUSG00000000416","Cttnbp2","TC IV"
4.70536876418744e-33,0.932669732227814,0.74,0.538,9.77728575510509e-29,5,"ENSMUSG00000026031","Cflar","TC IV"
1.00056344511547e-15,0.937183396526571,0.323,0.191,2.07907078260544e-11,5,"ENSMUSG00000022303","Dcstamp","TC IV"
3.3239577466572e-58,0.943812605157922,0.803,0.408,6.90685180177899e-54,5,"ENSMUSG00000027339","Rassf2","TC IV"
3.5117653401036e-43,0.944986880242201,0.833,0.611,7.29709720020128e-39,5,"ENSMUSG00000015837","Sqstm1","TC IV"
4.11110341566941e-20,0.949431246543599,0.343,0.143,8.54246178741947e-16,5,"ENSMUSG00000007659","Bcl2l1","TC IV"
5.41634103038452e-55,0.951550070377993,0.924,0.697,1.1254615027036e-50,5,"ENSMUSG00000028159","Dapp1","TC IV"
4.68341135822303e-34,0.955766036506462,0.373,0.112,9.73166046125163e-30,5,"ENSMUSG00000038175","Mylip","TC IV"
1.90649026714521e-24,0.957332673753925,0.356,0.146,3.96149612610102e-20,5,"ENSMUSG00000071713","Csf2rb","TC IV"
5.40014624129207e-28,0.962170562506447,0.816,0.681,1.12209638747808e-23,5,"ENSMUSG00000026740","Dnajc1","TC IV"
1.8519540106711e-22,0.963811682400161,0.603,0.389,3.84817523877347e-18,5,"ENSMUSG00000017652","Cd40","TC IV"
1.05956730016118e-45,0.96724185479957,0.69,0.334,2.20167489300491e-41,5,"ENSMUSG00000026657","Frmd4a","TC IV"
7.91654078029563e-53,0.97145826015443,0.551,0.166,1.64497800873763e-48,5,"ENSMUSG00000042807","Hecw2","TC IV"
9.45121186164355e-31,0.975990203982059,0.69,0.44,1.96386731273091e-26,5,"ENSMUSG00000064090","Vrk2","TC IV"
4.38527107461577e-52,0.977157854868217,0.829,0.464,9.1121547659441e-48,5,"ENSMUSG00000029822","Osbpl3","TC IV"
1.61749089164477e-50,0.979382006707265,0.44,0.11,3.36098432374868e-46,5,"ENSMUSG00000001750","Tcirg1","TC IV"
2.92074472715159e-35,0.98442093040475,0.362,0.097,6.0690154685483e-31,5,"ENSMUSG00000038718","Pbx3","TC IV"
3.30895175157866e-41,0.985001821678429,0.25,0.025,6.87567084460529e-37,5,"ENSMUSG00000033740","St18","TC IV"
1.77058554292518e-66,0.991124551802549,0.946,0.701,3.67909969964424e-62,5,"ENSMUSG00000025809","Itgb1","TC IV"
4.7612787202134e-50,0.99440635137538,0.668,0.285,9.89346105273143e-46,5,"ENSMUSG00000036093","Arl5a","TC IV"
2.14173599512123e-57,0.994972995179361,0.427,0.077,4.45031322426239e-53,5,"ENSMUSG00000039911","Spsb1","TC IV"
1.26830706943626e-57,0.997227159781755,0.928,0.72,2.63541525958161e-53,5,"ENSMUSG00000048490","Nrip1","TC IV"
2.03832408692438e-57,1.00098058666448,0.909,0.778,4.23543362022016e-53,5,"ENSMUSG00000037369","Kdm6a","TC IV"
3.612430497557e-45,1.00941619590902,0.423,0.107,7.50626933087369e-41,5,"ENSMUSG00000040433","Zbtb38","TC IV"
6.20479438490618e-62,1.01179515174619,0.917,0.749,1.28929422523965e-57,5,"ENSMUSG00000021127","Zfp36l1","TC IV"
8.58604144305525e-41,1.01195258292741,0.677,0.376,1.78409355145245e-36,5,"ENSMUSG00000029992","Gfpt1","TC IV"
2.47746317629248e-42,1.01315183066057,0.788,0.52,5.14792073401815e-38,5,"ENSMUSG00000026827","Gpd2","TC IV"
2.11734586725654e-43,1.01426272699599,0.549,0.212,4.39963297757237e-39,5,"ENSMUSG00000034156","Tspoap1","TC IV"
1.52243250796331e-41,1.02657944853642,0.855,0.589,3.16346250829696e-37,5,"ENSMUSG00000038179","Slamf7","TC IV"
1.46979101791442e-56,1.02901145948063,0.583,0.182,3.05407875612437e-52,5,"ENSMUSG00000022994","Adcy6","TC IV"
1.09589947826185e-39,1.0309235669465,0.764,0.474,2.27716952588029e-35,5,"ENSMUSG00000023186","Vwa5a","TC IV"
2.27277645105177e-79,1.04067609880309,0.974,0.842,4.72260218764048e-75,5,"ENSMUSG00000036478","Btg1","TC IV"
6.22787874104245e-40,1.05047222778811,0.744,0.451,1.29409092360121e-35,5,"ENSMUSG00000026628","Atf3","TC IV"
1.16595139648225e-79,1.05578120030804,0.941,0.729,2.42273040675047e-75,5,"ENSMUSG00000030557","Mef2a","TC IV"
4.16421595763871e-67,1.06867673530811,0.403,0.048,8.65282433837747e-63,5,"ENSMUSG00000050315","Synpo2","TC IV"
1.08783314896317e-58,1.07599144773949,0.644,0.224,2.26040850023057e-54,5,"ENSMUSG00000021306","Gpr137b","TC IV"
1.55406915414632e-64,1.08041624863415,0.878,0.571,3.22920029540063e-60,5,"ENSMUSG00000020589","Fam49a","TC IV"
2.97754591645771e-57,1.08798511904996,0.421,0.08,6.18704265980747e-53,5,"ENSMUSG00000019878","Hsf2","TC IV"
2.30930086587652e-80,1.09545952673538,0.97,0.727,4.79849626920481e-76,5,"ENSMUSG00000027351","Spred1","TC IV"
4.89321618540486e-62,1.1087128796974,0.814,0.418,1.01676139116528e-57,5,"ENSMUSG00000013846","St3gal1","TC IV"
1.78365653130943e-66,1.11392385476327,0.865,0.65,3.70625990640787e-62,5,"ENSMUSG00000038127","Ccdc50","TC IV"
9.97443602325383e-81,1.11925063192041,0.926,0.69,2.07258806127191e-76,5,"ENSMUSG00000052085","Dock8","TC IV"
7.7666677561743e-90,1.12013441790898,0.97,0.58,1.61383589305546e-85,5,"ENSMUSG00000039629","Strip2","TC IV"
3.31253326746008e-87,1.13398411611984,0.954,0.718,6.88311287645529e-83,5,"ENSMUSG00000020644","Id2","TC IV"
5.49554837549166e-57,1.13446430641828,0.77,0.404,1.14191999694341e-52,5,"ENSMUSG00000039316","Rftn1","TC IV"
1.8151563886098e-48,1.14272890177457,0.714,0.425,3.77171345989231e-44,5,"ENSMUSG00000021670","Hmgcr","TC IV"
7.22174465373881e-47,1.14338937622039,0.807,0.535,1.50060632160039e-42,5,"ENSMUSG00000005615","Pcyt1a","TC IV"
5.15451090685074e-161,1.15242808769411,1,1,1.07105582133451e-156,5,"ENSMUSG00000092341","Malat1","TC IV"
2.64521905979452e-67,1.15641888133073,0.859,0.45,5.49650068434702e-63,5,"ENSMUSG00000024043","Arhgap28","TC IV"
1.07983100314119e-56,1.15869012918597,0.902,0.654,2.24378084142708e-52,5,"ENSMUSG00000021843","Ktn1","TC IV"
7.22621045898829e-88,1.16272924275498,0.43,0.029,1.50153427127318e-83,5,"ENSMUSG00000097742","Gm26535","TC IV"
1.35985218539706e-83,1.16378895520271,0.974,0.771,2.82563685603655e-79,5,"ENSMUSG00000040710","St8sia4","TC IV"
1.47089490910569e-55,1.17218554233014,0.596,0.214,3.0563725316307e-51,5,"ENSMUSG00000016520","Lnx2","TC IV"
1.82722302491576e-92,1.17504851028511,0.928,0.476,3.79678672347246e-88,5,"ENSMUSG00000029484","Anxa3","TC IV"
4.75027962974148e-55,1.17879423584902,0.417,0.08,9.87060604263983e-51,5,"ENSMUSG00000060429","Sntb1","TC IV"
5.31109502071363e-113,1.17960176196449,0.985,0.769,1.10359243435409e-108,5,"ENSMUSG00000037944","Ccr7","TC IV"
8.03678144601815e-109,1.19249459977746,0.974,0.854,1.66996281666811e-104,5,"ENSMUSG00000001175","Calm1","TC IV"
1.79263957246429e-36,1.19483559817335,0.635,0.333,3.72492576762355e-32,5,"ENSMUSG00000029581","Fscn1","TC IV"
4.43775173618976e-67,1.19655424345457,0.861,0.61,9.2212043326287e-63,5,"ENSMUSG00000015143","Actn1","TC IV"
1.79280681721968e-60,1.19955434687018,0.672,0.276,3.72527328550076e-56,5,"ENSMUSG00000006360","Crip1","TC IV"
3.19461960956378e-65,1.21595168046903,0.557,0.138,6.63810008671257e-61,5,"ENSMUSG00000044667","Plppr4","TC IV"
6.9880566040993e-82,1.22335357345047,0.753,0.28,1.45204828176579e-77,5,"ENSMUSG00000003352","Cacnb3","TC IV"
1.98311444256974e-78,1.23270558692382,0.635,0.166,4.12071350021566e-74,5,"ENSMUSG00000040829","Zmynd15","TC IV"
6.25031677602325e-64,1.23305848196266,0.881,0.633,1.29875332288987e-59,5,"ENSMUSG00000041515","Irf8","TC IV"
2.09005610572813e-89,1.25413381378253,0.961,0.634,4.34292758209249e-85,5,"ENSMUSG00000034663","Bmp2k","TC IV"
1.10160686291299e-51,1.25810576564785,0.429,0.089,2.28902890044691e-47,5,"ENSMUSG00000050919","Zfp366","TC IV"
2.37716498039659e-96,1.26682047725801,0.976,0.687,4.93951111276608e-92,5,"ENSMUSG00000020023","Tmcc3","TC IV"
6.04627929620382e-59,1.26879782837121,0.564,0.175,1.25635637495819e-54,5,"ENSMUSG00000028207","Asph","TC IV"
2.25440731300454e-45,1.2748942499119,0.738,0.452,4.68443295569213e-41,5,"ENSMUSG00000016496","Cd274","TC IV"
1.03972837915276e-43,1.28701006459555,0.353,0.074,2.16045159904151e-39,5,"ENSMUSG00000028360","Slc44a5","TC IV"
4.21816679655526e-16,1.29377198414638,0.221,0.074,8.76492878656216e-12,5,"ENSMUSG00000039539","Sgcz","TC IV"
1.94626035839504e-56,1.29563258788034,0.558,0.195,4.04413439870905e-52,5,"ENSMUSG00000041132","N4bp2l1","TC IV"
1.18808859559685e-47,1.2967549990138,0.751,0.519,2.46872929279069e-43,5,"ENSMUSG00000027087","Itgav","TC IV"
1.00282700128515e-66,1.30613559460321,0.737,0.323,2.08377422597042e-62,5,"ENSMUSG00000031712","Il15","TC IV"
6.44223851937435e-94,1.31469583702331,0.963,0.705,1.3386327419408e-89,5,"ENSMUSG00000036943","Rab8b","TC IV"
7.57587686812316e-110,1.32820044320953,0.981,0.756,1.57419145442731e-105,5,"ENSMUSG00000021725","Parp8","TC IV"
1.99288913878191e-59,1.33912350761219,0.597,0.202,4.14102434147493e-55,5,"ENSMUSG00000039981","Zc3h12d","TC IV"
5.06100004103512e-96,1.3407153278183,0.926,0.576,1.05162519852669e-91,5,"ENSMUSG00000062210","Tnfaip8","TC IV"
6.95801722066908e-82,1.34386704664235,0.865,0.466,1.44580639828283e-77,5,"ENSMUSG00000001156","Mxd1","TC IV"
2.72283827807672e-101,1.35068461571019,0.937,0.53,5.65778565801561e-97,5,"ENSMUSG00000020027","Socs2","TC IV"
3.41707953211674e-53,1.35674663377079,0.551,0.191,7.10034955978537e-49,5,"ENSMUSG00000039701","Usp53","TC IV"
4.50531908794714e-135,1.36550546926395,0.987,0.748,9.36160253284536e-131,5,"ENSMUSG00000003382","Etv3","TC IV"
1.6840550472052e-90,1.43364222530288,0.904,0.476,3.49929798258768e-86,5,"ENSMUSG00000038349","Plcl1","TC IV"
1.32153644380967e-90,1.45391359712726,0.56,0.088,2.74602057659212e-86,5,"ENSMUSG00000023206","Il15ra","TC IV"
2.69013920348733e-82,1.45832476341579,0.683,0.234,5.58984025092633e-78,5,"ENSMUSG00000028337","Coro2a","TC IV"
7.50954509528539e-88,1.48354224925938,0.696,0.222,1.56040837534935e-83,5,"ENSMUSG00000022272","Myo10","TC IV"
5.21631733800987e-21,1.49385985292035,0.38,0.216,1.08389857966507e-16,5,"ENSMUSG00000052920","Prkg1","TC IV"
2.49618009495925e-153,1.50715755686511,0.993,0.649,5.18681261931583e-149,5,"ENSMUSG00000022637","Cblb","TC IV"
9.72056586041654e-62,1.51050129126525,0.963,0.903,2.01983638013595e-57,5,"ENSMUSG00000004383","Large1","TC IV"
9.91340337385496e-93,1.51771185170701,0.699,0.209,2.05990608705332e-88,5,"ENSMUSG00000042817","Flt3","TC IV"
7.76672548472706e-72,1.52597370764974,0.733,0.323,1.61384788847143e-67,5,"ENSMUSG00000097418","Mir155hg","TC IV"
3.45212385781406e-56,1.56467562217289,0.466,0.115,7.17316816415184e-52,5,"ENSMUSG00000036617","Etl4","TC IV"
6.89446762138429e-64,1.57349733294559,0.512,0.147,1.43260142704744e-59,5,"ENSMUSG00000026770","Il2ra","TC IV"
5.37966576244724e-73,1.57604667620971,0.705,0.31,1.11784074877891e-68,5,"ENSMUSG00000002845","Tmem39a","TC IV"
6.75427781882456e-102,1.58574789510167,0.9,0.531,1.40347138797355e-97,5,"ENSMUSG00000026773","Pfkfb3","TC IV"
2.70216233868301e-170,1.59874019600107,0.983,0.744,5.61482312354943e-166,5,"ENSMUSG00000069662","Marcks","TC IV"
2.22341705468102e-88,1.61419496267582,0.8,0.328,4.62003829792169e-84,5,"ENSMUSG00000022799","Arhgap31","TC IV"
3.33307728896241e-127,1.61911727048164,0.803,0.241,6.92580129873499e-123,5,"ENSMUSG00000025190","Got1","TC IV"
2.7822873439967e-44,1.63572422122752,0.72,0.497,5.78131487209073e-40,5,"ENSMUSG00000022636","Alcam","TC IV"
1.87348305412062e-123,1.64983956362179,0.955,0.6,3.89291043815723e-119,5,"ENSMUSG00000026980","Ly75","TC IV"
5.49423035854328e-104,1.66810731726623,0.594,0.09,1.14164612620171e-99,5,"ENSMUSG00000019302","Atp6v0a1","TC IV"
3.25178568597578e-135,1.73206750374509,0.77,0.189,6.75688547688906e-131,5,"ENSMUSG00000042842","Serpinb6b","TC IV"
9.25124013996917e-97,1.74468034716438,0.868,0.481,1.92231518868419e-92,5,"ENSMUSG00000062939","Stat4","TC IV"
2.67574156041849e-140,1.7537270030959,0.985,0.639,5.55992338839357e-136,5,"ENSMUSG00000036053","Fmnl2","TC IV"
3.54173266610975e-86,1.77244529165474,0.85,0.502,7.35936630690946e-82,5,"ENSMUSG00000062232","Rapgef2","TC IV"
1.99667247716852e-108,1.79092843531806,0.776,0.22,4.14888574030846e-104,5,"ENSMUSG00000023022","Lima1","TC IV"
2.76034135962797e-49,1.80070204833506,0.468,0.158,5.73571331117097e-45,5,"ENSMUSG00000113669","Gm36723","TC IV"
4.39361823823228e-104,1.88434624527362,0.466,0.026,9.12949933722286e-100,5,"ENSMUSG00000002944","Cd36","TC IV"
1.7464943050319e-78,1.88584528840929,0.575,0.167,3.62904051642578e-74,5,"ENSMUSG00000035042","Ccl5","TC IV"
5.15024660176869e-106,1.88819315201412,0.779,0.249,1.07016974138152e-101,5,"ENSMUSG00000058056","Palld","TC IV"
1.02076284918229e-78,1.95586642603898,0.44,0.051,2.12104312431588e-74,5,"ENSMUSG00000030200","Bcl2l14","TC IV"
4.09822496229468e-225,1.96200941773339,0.998,0.785,8.51570164915212e-221,5,"ENSMUSG00000026721","Rabgap1l","TC IV"
1.07767645920047e-76,2.03140385220152,0.69,0.291,2.23930391457266e-72,5,"ENSMUSG00000040111","Gramd1b","TC IV"
3.09538744703015e-151,2.07263861275253,0.761,0.144,6.43190557618395e-147,5,"ENSMUSG00000031608","Galnt7","TC IV"
1.13999746753335e-121,2.22058274492193,0.737,0.216,2.36880073778756e-117,5,"ENSMUSG00000026358","Rgs1","TC IV"
6.40991482000465e-166,2.23530003099103,0.892,0.323,1.33191620044877e-161,5,"ENSMUSG00000045827","Serpinb9","TC IV"
5.14291666178331e-80,2.37428197082264,0.521,0.122,1.06864665315195e-75,5,"ENSMUSG00000025321","Itgb8","TC IV"
1.58713899228584e-214,2.81742047488411,0.924,0.344,3.29791611207076e-210,5,"ENSMUSG00000044309","Apol7c","TC IV"
8.72013568526245e-159,3.25113284747557,0.764,0.13,1.81195699404069e-154,5,"ENSMUSG00000031779","Ccl22","TC IV"
